<?xml version="1.0" encoding="UTF-8" standalone="yes"?>
<addon id="repository.thankgoditsq" name="TGIQ's Repo" version="6.17.2017" provider-name="Myztik">
	<extension point="xbmc.addon.repository" name="TGIQ's Repo">
		<dir>
			<info compressed="false">https://offshoregit.com/tvaresolvers/tva-common-repository/raw/master/addons.xml</info>
			<checksum>https://offshoregit.com/tvaresolvers/tva-common-repository/raw/master/addons.xml.md5</checksum>
			<datadir zip="true">https://offshoregit.com/tvaresolvers/tva-common-repository/raw/master/zips/</datadir>
		</dir>
		<dir>
			<info compressed="false">https://raw.githubusercontent.com/noobsandnerds/modules4all/master/zips/addons.xml</info>
			<checksum>https://raw.githubusercontent.com/noobsandnerds/modules4all/master/zips/addons.xml.md5</checksum>
			<datadir zip="true">https://raw.githubusercontent.com/noobsandnerds/modules4all/master/zips/</datadir>
		</dir>
		<info compressed="false">https://raw.githubusercontent.com/ItsMYZTIK/repository.thankgoditsq/master/zips/addons.xml</info>
		<checksum>https://raw.githubusercontent.com/ItsMYZTIK/repository.thankgoditsq/master/zips/addons.xml.md5</checksum>
		<datadir zip="true">https://raw.githubusercontent.com/ItsMYZTIK/repository.thankgoditsq/master/zips/</datadir>
	</extension>
	<extension point="xbmc.addon.metadata">
		<summary lang="en">THANK GOD ITS Q!!!!</summary>
		<description lang="en">For all your Movie and TV streaming needs</description>
		<genre>movies,tvshows,canadian,uk,usa</genre>
	</extension>
</addon>